time,Yaw,Vel,Ideal Vel L,Ideal Vel R,Vel L,Vel R,Cur X,Cur Y,Ideal x,Ideal y,Next Pos x,Next Pos y,L,dX,Theta,Curvature,velDif,Closest idx,left pos,right pos,Distance
0.0,-130.758594,-0.000000,0.000000,-0.000000,0.000000,0.000000,0.186600,9.885358,0.186338,9.885055,-0.220113,9.410561,0.625178,0.001911,-2.279111,0.009780,-0.000000,0,0.697333,-0.340772,0.625178
0.0,-130.758594,-0.000000,0.000000,-0.000000,0.000000,0.000000,0.186600,9.885358,0.186338,9.885055,-0.220113,9.410561,0.625178,0.001911,-2.279111,0.009780,-0.000000,0,0.697333,-0.340772,0.625178
0.0,-130.758594,-0.000000,0.000000,-0.000000,0.000000,0.000000,0.186600,9.885358,0.186338,9.885055,-0.220113,9.410561,0.625178,0.001911,-2.279111,0.009780,-0.000000,0,0.697333,-0.340772,0.625178
0.0,-130.758594,-0.000000,0.000000,-0.000000,0.000000,0.000000,0.186600,9.885358,0.186338,9.885055,-0.220113,9.410561,0.625178,0.001911,-2.279111,0.009780,-0.000000,0,0.697333,-0.340772,0.625178
0.0,-130.758594,-0.000000,0.000000,-0.000000,0.000000,0.000000,0.186600,9.885358,0.186338,9.885055,-0.220113,9.410561,0.625178,0.001911,-2.279111,0.009780,-0.000000,0,0.697333,-0.340772,0.625178
0.0,-130.758594,-0.000000,0.000000,-0.000000,0.000000,0.000000,0.186600,9.885358,0.186338,9.885055,-0.220113,9.410561,0.625178,0.001911,-2.279111,0.009780,-0.000000,0,0.697333,-0.340772,0.625178
0.0,-130.758594,-0.000000,0.000000,-0.000000,0.000000,0.000000,0.186600,9.885358,0.186338,9.885055,-0.220113,9.410561,0.625178,0.001911,-2.279111,0.009780,-0.000000,0,0.697333,-0.340772,0.625178
0.0,-130.758594,-0.000000,0.000000,-0.000000,0.000000,0.000000,0.186600,9.885358,0.186338,9.885055,-0.220113,9.410561,0.625178,0.001911,-2.279111,0.009780,-0.000000,0,0.697333,-0.340772,0.625178
0.0,-130.758594,-0.000000,0.000000,-0.000000,0.000000,0.000000,0.186600,9.885358,0.186338,9.885055,-0.220113,9.410561,0.625178,0.001911,-2.279111,0.009780,-0.000000,0,0.697333,-0.340772,0.625178
0.0,-130.758594,-0.000000,0.000000,-0.000000,0.000000,0.000000,0.186600,9.885358,0.186338,9.885055,-0.220113,9.410561,0.625178,0.001911,-2.279111,0.009780,-0.000000,0,0.697333,-0.340772,0.625178
0.0,-130.758594,-0.000000,0.000000,-0.000000,0.000000,0.000000,0.186600,9.885358,0.186338,9.885055,-0.220113,9.410561,0.625178,0.001911,-2.279111,0.009780,-0.000000,0,0.697333,-0.340772,0.625178
0.0,-130.758594,-0.000000,0.000000,-0.000000,0.000000,0.000000,0.186600,9.885358,0.186338,9.885055,-0.220113,9.410561,0.625178,0.001911,-2.279111,0.009780,-0.000000,0,0.697333,-0.340772,0.625178
0.0,-130.758594,-0.000000,0.000000,-0.000000,0.000000,0.000000,0.186600,9.885358,0.186338,9.885055,-0.220113,9.410561,0.625178,0.001911,-2.279111,0.009780,-0.000000,0,0.697333,-0.340772,0.625178
0.0,-130.758594,-0.000000,0.000000,-0.000000,0.000000,0.000000,0.186600,9.885358,0.186338,9.885055,-0.220113,9.410561,0.625178,0.001911,-2.279111,0.009780,-0.000000,0,0.697333,-0.340772,0.625178
0.0,-130.758594,-0.000000,0.000000,-0.000000,0.000000,0.000000,0.186600,9.885358,0.186338,9.885055,-0.220113,9.410561,0.625178,0.001911,-2.279111,0.009780,-0.000000,0,0.697333,-0.340772,0.625178
0.0,-130.758594,-0.000000,0.000000,-0.000000,0.000000,0.000000,0.186600,9.885358,0.186338,9.885055,-0.220113,9.410561,0.625178,0.001911,-2.279111,0.009780,-0.000000,0,0.697333,-0.340772,0.625178
0.0,-130.758594,-0.000000,0.000000,-0.000000,0.000000,0.000000,0.186600,9.885358,0.186338,9.885055,-0.220113,9.410561,0.625178,0.001911,-2.279111,0.009780,-0.000000,0,0.697333,-0.340772,0.625178
0.0,-130.758594,-0.000000,0.000000,-0.000000,0.000000,0.000000,0.186600,9.885358,0.186338,9.885055,-0.220113,9.410561,0.625178,0.001911,-2.279111,0.009780,-0.000000,0,0.697333,-0.340772,0.625178
0.0,-130.758594,-0.000000,0.000000,-0.000000,0.000000,0.000000,0.186600,9.885358,0.186338,9.885055,-0.220113,9.410561,0.625178,0.001911,-2.279111,0.009780,-0.000000,0,0.697333,-0.340772,0.625178
0.0,-130.758594,-0.000000,0.000000,-0.000000,0.000000,0.000000,0.186600,9.885358,0.186338,9.885055,-0.220113,9.410561,0.625178,0.001911,-2.279111,0.009780,-0.000000,0,0.697333,-0.340772,0.625178
0.0,-130.758594,-0.000000,0.000000,-0.000000,0.000000,0.000000,0.186600,9.885358,0.186338,9.885055,-0.220113,9.410561,0.625178,0.001911,-2.279111,0.009780,-0.000000,0,0.697333,-0.340772,0.625178
0.0,-130.758594,-0.000000,0.000000,-0.000000,0.000000,0.000000,0.186600,9.885358,0.186338,9.885055,-0.220113,9.410561,0.625178,0.001911,-2.279111,0.009780,-0.000000,0,0.697333,-0.340772,0.625178
0.0,-130.758594,-0.000000,0.000000,-0.000000,0.000000,0.000000,0.186600,9.885358,0.186338,9.885055,-0.220113,9.410561,0.625178,0.001911,-2.279111,0.009780,-0.000000,0,0.697333,-0.340772,0.625178
0.0,-130.758594,-0.000000,0.000000,-0.000000,0.000000,0.000000,0.186600,9.885358,0.186338,9.885055,-0.220113,9.410561,0.625178,0.001911,-2.279111,0.009780,-0.000000,0,0.697333,-0.340772,0.625178
0.0,-130.758594,-0.000000,0.000000,-0.000000,0.000000,0.000000,0.186600,9.885358,0.186338,9.885055,-0.220113,9.410561,0.625178,0.001911,-2.279111,0.009780,-0.000000,0,0.697333,-0.340772,0.625178
0.0,-130.758594,-0.000000,0.000000,-0.000000,0.000000,0.000000,0.186600,9.885358,0.186338,9.885055,-0.220113,9.410561,0.625178,0.001911,-2.279111,0.009780,-0.000000,0,0.697333,-0.340772,0.625178
0.0,-130.758594,-0.000000,0.000000,-0.000000,0.000000,0.000000,0.186600,9.885358,0.186338,9.885055,-0.220113,9.410561,0.625178,0.001911,-2.279111,0.009780,-0.000000,0,0.697333,-0.340772,0.625178
0.0,-130.758594,0.003906,0.003867,0.003945,0.000000,0.000000,0.186600,9.885358,0.186338,9.885055,-0.220113,9.410561,0.625178,0.001911,-2.279111,0.009780,0.000039,0,0.697333,-0.340772,0.625178
0.0,-130.758594,0.003906,0.003867,0.003945,0.000000,0.000000,0.186600,9.885358,0.186338,9.885055,-0.220113,9.410561,0.625178,0.001911,-2.279111,0.009780,0.000039,0,0.697333,-0.340772,0.625178
0.0,-130.758594,0.003906,0.003867,0.003945,0.000000,0.000000,0.186600,9.885358,0.186338,9.885055,-0.220113,9.410561,0.625178,0.001911,-2.279111,0.009780,0.000039,0,0.697333,-0.340772,0.625178
0.0,-130.758594,0.003906,0.003867,0.003945,0.000000,0.000000,0.186600,9.885358,0.186338,9.885055,-0.220113,9.410561,0.625178,0.001911,-2.279111,0.009780,0.000039,0,0.697333,-0.340772,0.625178
0.0,-130.758594,0.015625,0.015469,0.015781,0.000000,0.000000,0.186600,9.885358,0.186338,9.885055,-0.220113,9.410561,0.625178,0.001911,-2.279111,0.009780,0.000156,0,0.697333,-0.340772,0.625178
0.0,-130.758594,0.023438,0.023204,0.023671,0.000000,0.000000,0.186600,9.885358,0.186338,9.885055,-0.220113,9.410561,0.625178,0.001911,-2.279111,0.009780,0.000234,0,0.697333,-0.340772,0.625178
0.0,-130.758594,0.023438,0.023204,0.023671,0.000000,0.000000,0.186600,9.885358,0.186338,9.885055,-0.220113,9.410561,0.625178,0.001911,-2.279111,0.009780,0.000234,0,0.697333,-0.340772,0.625178
0.0,-130.758594,0.023438,0.023204,0.023671,0.000000,0.000000,0.186600,9.885358,0.186338,9.885055,-0.220113,9.410561,0.625178,0.001911,-2.279111,0.009780,0.000234,0,0.697333,-0.340772,0.625178
0.0,-130.758594,0.023438,0.023204,0.023671,0.000000,0.000000,0.186600,9.885358,0.186338,9.885055,-0.220113,9.410561,0.625178,0.001911,-2.279111,0.009780,0.000234,0,0.697333,-0.340772,0.625178
0.0,-130.758594,0.031250,0.030938,0.031562,0.000000,0.000000,0.186600,9.885358,0.186338,9.885055,-0.220113,9.410561,0.625178,0.001911,-2.279111,0.009780,0.000312,0,0.697333,-0.340772,0.625178
0.0,-130.758594,0.042969,0.042540,0.043397,0.000000,0.000000,0.186600,9.885358,0.186338,9.885055,-0.220113,9.410561,0.625178,0.001911,-2.279111,0.009780,0.000429,0,0.697333,-0.340772,0.625178
0.0,-130.758594,0.054688,0.054142,0.055233,0.000000,0.000000,0.186600,9.885358,0.186338,9.885055,-0.220113,9.410561,0.625178,0.001911,-2.279111,0.009780,0.000546,0,0.697333,-0.340772,0.625178
0.0,-130.758594,0.089844,0.088947,0.090740,0.000000,0.000000,0.186600,9.885358,0.186338,9.885055,-0.220113,9.410561,0.625178,0.001911,-2.279111,0.009780,0.000896,0,0.697333,-0.340772,0.625178
0.0,-130.758594,0.109375,0.108284,0.110466,0.000000,0.000000,0.186600,9.885358,0.186338,9.885055,-0.220113,9.410561,0.625178,0.001911,-2.279111,0.009780,0.001091,0,0.697333,-0.340772,0.625178
0.0,-130.758594,0.144531,0.143089,0.145973,0.000000,0.000000,0.186600,9.885358,0.186338,9.885055,-0.220113,9.410561,0.625178,0.001911,-2.279111,0.009780,0.001442,0,0.697333,-0.340772,0.625178
0.0,-130.758594,0.175781,0.174028,0.177535,0.000000,0.000000,0.186600,9.885358,0.186338,9.885055,-0.220113,9.410561,0.625178,0.001911,-2.279111,0.009780,0.001754,0,0.697333,-0.340772,0.625178
0.0,-130.758594,0.195313,0.193364,0.197261,0.000000,0.000000,0.186600,9.885358,0.186338,9.885055,-0.220113,9.410561,0.625178,0.001911,-2.279111,0.009780,0.001948,0,0.697333,-0.340772,0.625178
0.0,-130.758594,0.230469,0.228170,0.232768,0.000000,0.000000,0.186600,9.885358,0.186338,9.885055,-0.220113,9.410561,0.625178,0.001911,-2.279111,0.009780,0.002299,0,0.697333,-0.340772,0.625178
0.0,-130.758594,0.246094,0.243639,0.248549,0.000000,0.000000,0.186600,9.885358,0.186338,9.885055,-0.220113,9.410561,0.625178,0.001911,-2.279111,0.009780,0.002455,0,0.697333,-0.340772,0.625178
0.0,-130.758594,0.273438,0.270691,0.276184,0.025748,0.013318,0.185210,9.883746,0.185294,9.883844,-0.220113,9.410561,0.623050,0.001911,-2.279100,0.009847,0.002746,1,0.699905,-0.339087,0.623050
0.0,-130.758594,0.285156,0.282266,0.288046,0.047057,0.048833,0.183386,9.881630,0.183075,9.881269,-0.220113,9.410561,0.620256,0.001911,-2.279086,0.009936,0.002890,2,0.702034,-0.335628,0.620256
0.0,-130.714649,0.289063,0.286836,0.291289,0.087899,0.072805,0.181186,9.879076,0.179551,9.877180,-0.220113,9.410561,0.616885,0.001437,-2.279072,0.007552,0.002227,3,0.706468,-0.333322,0.616885
0.0,-130.714649,0.312500,0.310093,0.314907,0.153601,0.155377,0.181186,9.879076,0.179551,9.877180,-0.220113,9.410561,0.616885,0.001437,-2.279072,0.007552,0.002407,3,0.712677,-0.325428,0.616885
0.0,-130.626759,0.324219,0.323337,0.325101,0.159816,0.163367,0.176591,9.873728,0.174724,9.871580,-0.220113,9.410561,0.609834,0.000496,-2.279054,0.002667,0.000882,4,0.716225,-0.322856,0.609834
0.0,-130.538868,0.335938,0.336751,0.335124,0.208648,0.191779,0.174600,9.871404,0.174724,9.871580,-0.220113,9.410561,0.606774,-0.000437,-2.279053,-0.002375,-0.000814,4,0.723143,-0.316558,0.606774
0.0,-130.494923,0.343750,0.345502,0.341998,0.208648,0.191779,0.170307,9.866380,0.168592,9.864466,-0.220113,9.410561,0.600166,-0.000900,-2.279066,-0.004997,-0.001752,5,0.723143,-0.316558,0.600166
0.0,-130.363087,0.347656,0.351183,0.344129,0.212200,0.217527,0.167201,9.862734,0.168592,9.864466,-0.251923,9.372813,0.644738,-0.002067,-2.278471,-0.009946,-0.003527,5,0.727667,-0.311502,0.644738
0.0,-130.231251,0.404639,0.411809,0.397468,0.250378,0.216639,0.163300,9.858134,0.161160,9.855843,-0.251923,9.372813,0.638707,-0.003544,-2.278512,-0.017373,-0.007171,6,0.735117,-0.306890,0.638707
0.0,-130.099415,0.409085,0.419494,0.398676,0.260145,0.244163,0.160011,9.854237,0.161160,9.855843,-0.251923,9.372813,0.633607,-0.005007,-2.278566,-0.024946,-0.010409,6,0.738931,-0.300504,0.633607
0.0,-129.923634,0.506682,0.524837,0.488528,0.285005,0.261920,0.156903,9.850534,0.152430,9.845714,-0.251923,9.372813,0.628773,-0.006944,-2.278639,-0.035127,-0.018154,7,0.744697,-0.296601,0.628773
0.0,-129.747852,0.511906,0.535925,0.487887,0.300099,0.275238,0.151704,9.844302,0.152430,9.845714,-0.251923,9.372813,0.620658,-0.008860,-2.278803,-0.046002,-0.024019,7,0.753123,-0.288796,0.620658
0.0,-129.703907,0.593950,0.624245,0.563655,0.350707,0.323183,0.145497,9.836833,0.142404,9.834079,-0.251923,9.372813,0.610947,-0.009333,-2.279036,-0.050006,-0.030295,8,0.762791,-0.279040,0.610947
0.0,-129.440235,0.593950,0.634613,0.553287,0.372904,0.380894,0.139140,9.829141,0.142404,9.834079,-0.251923,9.372813,0.600970,-0.012121,-2.279328,-0.067120,-0.040663,8,0.772370,-0.268662,0.600970
0.0,-129.264454,0.718092,0.769889,0.666296,0.425288,0.404867,0.133488,9.822248,0.131083,9.820942,-0.284721,9.333752,0.643061,-0.014621,-2.278830,-0.070716,-0.051796,9,0.781594,-0.260058,0.643061
0.0,-129.132618,0.731641,0.791459,0.671824,0.453699,0.471457,0.127518,9.814928,0.131083,9.820942,-0.284721,9.333752,0.633617,-0.016090,-2.279186,-0.080155,-0.059817,9,0.789932,-0.249504,0.633617
0.0,-128.956837,0.830059,0.908548,0.751570,0.462578,0.497205,0.121120,9.807040,0.118474,9.806307,-0.284721,9.333752,0.623465,-0.018018,-2.279624,-0.092704,-0.078489,10,0.799689,-0.238949,0.623465
0.0,-128.868946,0.923066,1.018952,0.827180,0.487438,0.545150,0.112819,9.796757,0.104579,9.790178,-0.284721,9.333752,0.610255,-0.018963,-2.280267,-0.101841,-0.095886,11,0.811574,-0.224402,0.610255
0.0,-128.781055,0.923066,1.016161,0.829971,0.514962,0.572673,0.104811,9.786806,0.104579,9.790178,-0.318471,9.293354,0.650126,-0.020896,-2.279800,-0.098877,-0.093095,11,0.823991,-0.211275,0.650126
0.0,-128.737110,1.008340,1.117568,0.899112,0.578889,0.637488,0.095122,9.774737,0.089403,9.772556,-0.318471,9.293354,0.634657,-0.021388,-2.280593,-0.106201,-0.109228,12,0.839691,-0.196019,0.634657
0.0,-128.693165,1.008340,1.126108,0.890572,0.653469,0.704965,0.084720,9.761761,0.089403,9.772556,-0.318471,9.293354,0.618036,-0.021868,-2.281511,-0.114504,-0.117768,12,0.855656,-0.178724,0.618036
0.0,-128.693165,1.103274,1.239590,0.966957,0.734265,0.769780,0.073991,9.748365,0.072949,9.753446,-0.318471,9.293354,0.600884,-0.021868,-2.282521,-0.121134,-0.136317,13,0.873218,-0.161960,0.600884
0.0,-128.693165,1.188924,1.326085,1.051763,0.815949,0.816837,0.061598,9.732893,0.055222,9.732849,-0.353095,9.251652,0.635266,-0.022822,-2.282053,-0.113104,-0.137161,14,0.893441,-0.142535,0.635266
0.0,-128.693165,1.296666,1.457034,1.136299,0.918941,0.894081,0.048013,9.715932,0.036233,9.710775,-0.353095,9.251652,0.613549,-0.022822,-2.283325,-0.121252,-0.160367,15,0.916059,-0.121692,0.613549
0.0,-128.737110,1.319415,1.468622,1.170207,1.015718,0.957119,0.033340,9.697627,0.036233,9.710775,-0.388517,9.208704,0.645761,-0.023117,-2.282691,-0.110869,-0.149207,15,0.941514,-0.100227,0.645761
0.0,-128.956837,1.430872,1.587225,1.274519,1.117823,1.006840,0.018096,9.678699,0.015997,9.687234,-0.388517,9.208704,0.621473,-0.020688,-2.284016,-0.107129,-0.156353,16,0.967857,-0.077964,0.621473
0.0,-129.176563,1.544907,1.681017,1.408796,1.225255,1.053009,0.002444,9.659417,-0.005480,9.662235,-0.424620,9.164557,0.653659,-0.018453,-2.282790,-0.086375,-0.136110,17,0.996152,-0.056588,0.653659
0.0,-129.440235,1.634232,1.765321,1.503143,1.321144,1.078757,-0.013850,9.639515,-0.028184,9.635777,-0.424620,9.164557,0.627946,-0.015505,-2.283852,-0.078642,-0.131089,18,1.025865,-0.034858,0.627946
0.0,-129.703907,1.634232,1.751634,1.516830,1.419698,1.099178,-0.031621,9.618012,-0.028184,9.635777,-0.424620,9.164557,0.600058,-0.012680,-2.284893,-0.070431,-0.117402,18,1.058328,-0.011531,0.600058
0.0,-129.923634,1.723084,1.808233,1.637935,1.497830,1.166656,-0.051242,9.594473,-0.052111,9.607871,-0.461353,9.119270,0.627701,-0.009544,-2.282801,-0.048448,-0.085149,19,1.091500,0.016586,0.627701
0.0,-130.099415,1.811432,1.864999,1.757865,1.575074,1.227919,-0.071259,9.570628,-0.077242,9.578515,-0.498578,9.072846,0.656041,-0.006239,-2.280173,-0.028992,-0.053567,20,1.125383,0.044969,0.656041
0.0,-130.275196,1.811432,1.847719,1.775146,1.703815,1.436567,-0.071259,9.570628,-0.077242,9.578515,-0.498578,9.072846,0.656041,-0.004226,-2.280173,-0.019639,-0.036287,20,1.196251,0.109274,0.656041
0.0,-130.363087,1.983760,1.995113,1.972407,1.703815,1.436567,-0.114991,9.519097,-0.131019,9.515530,-0.536168,9.025393,0.648948,-0.001181,-2.277086,-0.005611,-0.011353,22,1.196251,0.109274,0.648948
0.0,-130.407032,2.068192,2.050329,2.086056,1.734002,1.561756,-0.137978,9.492072,-0.159619,9.481933,-0.573912,8.977005,0.674783,0.001928,-2.273175,0.008468,0.017864,23,1.231552,0.144930,0.674783
0.0,-130.450977,2.085427,2.060014,2.110840,1.774844,1.640776,-0.161849,9.464053,-0.159619,9.481933,-0.573912,8.977005,0.637974,0.002431,-2.272988,0.011947,0.025413,23,1.269160,0.180941,0.637974
0.0,-130.407032,2.169560,2.117561,2.221559,1.834331,1.770404,-0.188164,9.433164,-0.189322,9.446938,-0.611624,8.927847,0.659290,0.005107,-2.268286,0.023497,0.051999,24,1.308896,0.222362,0.659290
0.0,-130.407032,2.271254,2.182543,2.359965,1.882276,1.898257,-0.214698,9.401995,-0.220113,9.410561,-0.649103,8.878014,0.680635,0.008870,-2.263000,0.038292,0.088711,25,1.348454,0.264671,0.680635
0.0,-130.319141,2.371760,2.250989,2.492532,1.934660,1.981717,-0.241954,9.369927,-0.251923,9.372813,-0.686034,8.827691,0.700875,0.012262,-2.257003,0.049922,0.120772,26,1.389698,0.307600,0.700875
0.0,-130.275196,2.490475,2.324780,2.656170,1.999474,2.079382,-0.270235,9.336576,-0.284721,9.333752,-0.722126,8.777167,0.719127,0.016866,-2.250276,0.065227,0.165695,27,1.431741,0.353012,0.719127
0.0,-130.187305,2.570367,2.359757,2.780977,2.057185,2.198356,-0.299623,9.301838,-0.318471,9.293354,-0.756897,8.726893,0.734616,0.021676,-2.242687,0.080331,0.210610,28,1.474847,0.400909,0.734616
0.0,-130.099415,2.667723,2.400959,2.934487,2.101578,2.296021,-0.330473,9.265259,-0.353095,9.251652,-0.789605,8.677697,0.745675,0.027256,-2.234103,0.098036,0.266764,29,1.519018,0.452441,0.745675
0.0,-130.011524,2.667723,2.372831,2.962615,2.158402,2.441631,-0.363294,9.226222,-0.353095,9.251652,-0.789605,8.677697,0.694709,0.026152,-2.231476,0.108373,0.294892,29,1.564253,0.509207,0.694709
0.0,-129.791798,2.761795,2.410163,3.113427,2.189477,2.557054,-0.395127,9.188152,-0.388517,9.208704,-0.819883,8.630248,0.701195,0.030686,-2.221517,0.124824,0.351632,30,1.608690,0.564022,0.701195
0.0,-129.616016,2.829231,2.400154,3.258308,2.226768,2.733739,-0.429691,9.146526,-0.424620,9.164557,-0.847353,8.584822,0.699967,0.036424,-2.210166,0.148685,0.429077,31,1.654369,0.626553,0.699967
0.0,-129.440235,2.892813,2.373062,3.412564,2.276488,2.835844,-0.463533,9.105512,-0.461353,9.119270,-0.871904,8.541905,0.696003,0.042664,-2.197820,0.176147,0.519751,32,1.702265,0.685004,0.696003
0.0,-129.220509,2.952061,2.320397,3.583725,2.327096,3.013417,-0.501029,9.059751,-0.498578,9.072846,-0.893459,8.501737,0.682188,0.048813,-2.183708,0.209778,0.631664,33,1.751669,0.753921,0.682188
0.0,-129.000782,3.003201,2.241168,3.765234,2.367050,3.091549,-0.536922,9.015602,-0.536168,9.025393,-0.912163,8.464340,0.666855,0.055312,-2.168448,0.248765,0.762033,34,1.800896,0.818492,0.666855
0.0,-128.737110,3.044441,2.123925,3.964957,2.406116,3.257580,-0.574381,8.969126,-0.573912,8.977005,-0.928000,8.429811,0.644908,0.061644,-2.151155,0.296431,0.920516,35,1.848969,0.889804,0.644908
0.0,-128.605274,3.073712,1.949310,4.198113,2.398126,3.320618,-0.609824,8.924841,-0.611624,8.927847,-0.941381,8.398319,0.622218,0.069424,-2.132777,0.358639,1.124401,36,1.893761,0.958455,0.622218
0.0,-128.077930,3.093383,1.770508,4.416258,2.337751,3.410293,-0.643773,8.881918,-0.649103,8.878014,-0.961517,8.343512,0.625174,0.081933,-2.103948,0.419262,1.322875,37,1.935715,1.025954,0.625174
0.0,-127.682423,3.096689,1.392091,4.801287,2.235646,3.597632,-0.682794,8.831758,-0.686034,8.827691,-0.975821,8.280191,0.624572,0.105259,-2.059141,0.539665,1.704598,38,1.974386,1.114384,0.624572
0.0,-127.111134,3.080393,1.026516,5.134271,2.069615,3.747682,-0.716515,8.787647,-0.722126,8.777167,-0.980323,8.237053,0.610531,0.121830,-2.017612,0.653685,2.053878,39,2.006761,1.193058,0.610531
0.0,-126.364063,3.032616,0.651736,5.413495,1.828116,3.817823,-0.747180,8.746563,-0.756897,8.726893,-0.983967,8.180860,0.613260,0.144737,-1.967209,0.769697,2.380880,40,2.030620,1.271732,0.613260
0.0,-125.485157,3.032616,0.171019,5.894212,1.499605,4.015817,-0.776713,8.705802,-0.756897,8.726893,-0.976114,8.132716,0.606786,0.170307,-1.905637,0.925105,2.861597,40,2.042328,1.360695,0.606786
0.0,-124.386524,2.930948,-0.743094,6.604989,1.251003,4.259980,-0.807772,8.661339,-0.789605,8.677697,-0.937273,8.058605,0.616489,0.233538,-1.782435,1.228954,3.674041,41,2.059269,1.452229,0.616489
0.0,-122.936329,2.792579,-1.769224,7.354382,0.903847,4.424235,-0.838105,8.615790,-0.819883,8.630248,-0.873346,7.998663,0.618132,0.305959,-1.627839,1.601515,4.561803,42,2.063349,1.557601,0.618132
0.0,-121.266407,2.453190,-2.458908,7.365288,0.637488,4.719895,-0.868270,8.567705,-0.871904,8.541905,-0.807648,7.958321,0.612392,0.368099,-1.471642,1.963070,4.912098,44,2.069292,1.665190,0.612392
0.0,-119.244923,2.453190,-3.064708,7.971088,0.376455,4.821112,-0.890167,8.530166,-0.871904,8.541905,-0.742925,7.929249,0.618693,0.422049,-1.330501,2.205171,5.517898,44,2.067429,1.753975,0.618693
0.0,-117.091602,2.074599,-3.146338,7.295536,0.272575,5.088359,-0.918051,8.478093,-0.912163,8.464340,-0.703515,7.915527,0.602085,0.447198,-1.206468,2.467256,5.220937,46,2.069114,1.870434,0.602085
0.0,-115.949024,1.884585,-3.240420,7.009591,0.174022,5.210885,-0.942586,8.428928,-0.928000,8.429811,-0.612781,7.889801,0.632004,0.532462,-1.021790,2.666112,5.125005,47,2.076387,1.973056,0.632004
0.0,-113.488087,1.526215,-2.901095,5.953525,0.131404,5.232193,-0.964968,8.380308,-0.952407,8.369566,-0.612781,7.889801,0.603848,0.518501,-0.948088,2.843964,4.427310,49,2.076387,2.080113,0.603848
0.0,-109.489063,1.365822,-2.489939,5.221583,0.098553,4.768727,-0.976094,8.352047,-0.961517,8.343512,-0.561266,7.877894,0.630003,0.549251,-0.852034,2.767679,3.855761,50,2.079226,2.138032,0.630003
0.0,-106.151342,1.365822,1.099920,1.631725,0.154489,4.042453,-0.645446,8.733664,-0.961517,8.343512,-0.807648,7.958321,0.792127,0.059881,-1.777023,0.190866,0.265903,50,2.082862,2.154263,0.792127
0.0,-103.050941,1.365822,1.676847,1.054797,0.150937,2.929069,-0.394311,9.058577,-0.961517,8.343512,-0.807648,7.958321,1.175334,-0.154203,-1.930157,-0.223255,-0.311025,50,2.084104,2.158254,1.175334
0.0,-100.118343,1.365822,1.815148,0.916497,0.080796,1.936435,-0.191417,9.331635,-0.961517,8.343512,-0.807648,7.958321,1.505235,-0.365380,-1.992584,-0.322527,-0.449325,50,2.084281,2.162689,1.505235
0.0,-97.613460,1.365822,1.893919,0.837726,0.045281,0.926044,-0.191588,9.330540,-0.961517,8.343512,-0.807648,7.958321,1.504166,-0.428825,-1.992778,-0.379070,-0.528096,50,2.080556,2.168632,1.504166
0.0,-94.577611,1.365822,1.920776,0.810868,0.919829,0.806182,-0.065595,9.547737,-0.961517,8.343512,-0.807648,7.958321,1.754105,-0.612836,-2.007592,-0.398348,-0.554954,50,2.177147,2.235066,1.754105
0.0,-91.622122,1.365822,1.974871,0.756774,0.919829,1.075206,0.002999,9.641171,-0.961517,8.343512,-0.807648,7.958321,1.867922,-0.762684,-2.019706,-0.437177,-0.609049,50,2.177147,2.266464,1.867922
0.0,-88.815825,1.365822,2.007908,0.723736,1.384183,1.236797,0.055807,9.735946,-0.961517,8.343512,-0.807648,7.958321,1.976235,-0.900008,-2.022967,-0.460892,-0.642086,50,2.223890,2.286598,1.976235
0.0,-86.300876,1.365822,2.024936,0.706709,1.559980,1.311378,0.099150,9.832976,-0.961517,8.343512,-0.807648,7.958321,2.082454,-1.025857,-2.021331,-0.473114,-0.659114,50,2.240654,2.299105,2.082454
0.0,-84.162467,1.365822,2.034339,0.697305,1.765077,1.062775,0.126016,9.915090,-0.961517,8.343512,-0.807648,7.958321,2.168104,-1.127842,-2.015994,-0.479864,-0.668517,50,2.258216,2.310014,2.168104
0.0,-82.931998,1.365822,2.065716,0.665928,1.694936,0.908287,0.127676,9.900416,-0.961517,8.343512,-0.807648,7.958321,2.155589,-1.167186,-2.019621,-0.502387,-0.699894,50,2.276842,2.325536,2.155589
0.0,-81.472849,1.365822,2.077050,0.654594,1.274975,0.908287,0.166420,9.954442,-0.961517,8.343512,-0.807648,7.958321,2.221105,-1.259281,-2.024782,-0.510522,-0.711228,50,2.303451,2.325536,2.221105
0.0,-80.857614,1.365822,2.100789,0.630856,1.140908,0.726274,0.170050,9.931085,-0.961517,8.343512,-0.807648,7.958321,2.201747,-1.278728,-2.030916,-0.527562,-0.734966,50,2.337776,2.338486,2.201747
0.0,-79.973184,1.365822,2.096819,0.634825,1.504933,0.703190,0.204758,9.988697,-0.961517,8.343512,-0.807648,7.958321,2.268787,-1.350450,-2.033347,-0.524712,-0.730997,50,2.409266,2.369264,2.268787
0.0,-79.577908,1.365822,2.118435,0.613209,1.726011,0.724499,0.247591,9.978640,-0.961517,8.343512,-0.807648,7.958321,2.279302,-1.403302,-2.052135,-0.540229,-0.752613,50,2.450244,2.382657,2.279302
0.0,-79.470253,1.365822,2.125744,0.605901,1.726011,0.724499,0.288986,9.985315,-0.961517,8.343512,-0.807648,7.958321,2.304627,-1.448591,-2.066715,-0.545475,-0.759922,50,2.450244,2.382657,2.304627
0.0,-79.642585,1.365822,2.129609,0.602035,1.893818,0.737817,0.320520,9.984265,-0.961517,8.343512,-0.807648,7.958321,2.318882,-1.474026,-2.078892,-0.548249,-0.763787,50,2.493084,2.399154,2.318882
0.0,-80.433600,1.365822,2.130966,0.600678,1.991483,0.722723,0.325331,9.956879,-0.961517,8.343512,-0.807648,7.958321,2.297362,-1.449364,-2.086521,-0.549223,-0.765144,50,2.537078,2.410774,2.297362
0.0,-80.872315,1.365822,2.117684,0.613961,2.162841,0.636600,0.342471,9.976153,-0.961517,8.343512,-0.807648,7.958321,2.322589,-1.455654,-2.088848,-0.539689,-0.751862,50,2.625508,2.432770,2.322589
0.0,-81.434172,1.365822,2.131216,0.600428,2.162841,0.636600,0.361303,9.936744,-0.961517,8.343512,-0.807648,7.958321,2.297956,-1.450589,-2.104461,-0.549403,-0.765394,50,2.625508,2.432770,2.297956
0.0,-82.122965,1.365822,2.129485,0.602159,2.197468,0.570898,0.380159,9.924297,-0.961517,8.343512,-0.807648,7.958321,2.296943,-1.446032,-2.114285,-0.548160,-0.763663,50,2.669590,2.439245,2.296943
0.0,-82.840825,1.365822,2.130539,0.601105,2.217889,0.498093,0.395520,9.903951,-0.961517,8.343512,-0.807648,7.958321,2.287594,-1.436265,-2.124632,-0.548917,-0.764717,50,2.714737,2.448913,2.287594
0.0,-82.993308,1.365822,2.141059,0.590585,2.234758,0.538935,0.407465,9.882285,-0.961517,8.343512,-0.807648,7.958321,2.275552,-1.440734,-2.134105,-0.556468,-0.775237,50,2.760327,2.464435,2.275552
0.0,-83.788086,1.365822,2.139604,0.592040,2.239198,0.498981,0.419652,9.863423,-0.961517,8.343512,-0.807648,7.958321,2.266203,-1.426237,-2.143096,-0.555423,-0.773782,50,2.805385,2.473748,2.266203
0.0,-85.180400,1.365822,2.127078,0.604566,2.250740,0.527392,0.425480,9.844263,-0.961517,8.343512,-0.807648,7.958321,2.253304,-1.387222,-2.149875,-0.546432,-0.761256,50,2.850354,2.485456,2.253304
0.0,-86.093573,1.365822,2.120351,0.611294,2.243637,0.547813,0.428318,9.828158,-0.961517,8.343512,-0.807648,7.958321,2.241406,-1.360481,-2.154867,-0.541603,-0.754529,50,2.893904,2.493794,2.241406
0.0,-87.280096,1.365822,2.099732,0.631912,2.212562,0.475896,0.428318,9.828158,-0.961517,8.343512,-0.807648,7.958321,2.241406,-1.323304,-2.154867,-0.526803,-0.733910,50,2.981270,2.512065,2.241406
0.0,-88.147380,1.376577,2.124388,0.628765,2.197468,0.495429,0.423166,9.782081,-0.961517,8.343512,-0.807648,7.958321,2.200228,-1.289131,-2.164462,-0.532588,-0.747812,50,3.024732,2.523330,2.200228
0.0,-88.972859,1.376577,2.120427,0.632726,2.189477,0.510523,0.415853,9.759208,-0.961517,8.343512,-0.807648,7.958321,2.177187,-1.255587,-2.167554,-0.529767,-0.743851,50,3.069169,2.536723,2.177187
0.0,-89.859056,1.376577,2.115153,0.638000,2.189477,0.531832,0.404671,9.734938,-0.961517,8.343512,-0.807648,7.958321,2.150833,-1.216685,-2.169595,-0.526011,-0.738577,50,3.069169,2.547189,2.150833
0.0,-90.726238,1.376577,2.108563,0.644590,2.199244,0.512299,0.395367,9.713969,-0.961517,8.343512,-0.807648,7.958321,2.128273,-1.180666,-2.171538,-0.521318,-0.731986,50,3.113694,2.551801,2.128273
0.0,-91.566951,1.376577,2.099444,0.653709,2.176159,0.512299,0.392170,9.700366,-0.961517,8.343512,-0.807648,7.958321,2.115250,-1.151733,-2.173926,-0.514823,-0.722868,50,3.154672,2.551801,2.115250
0.0,-92.280150,1.376577,2.090700,0.662453,2.154850,0.435942,0.380691,9.686552,-0.961517,8.343512,-0.807648,7.958321,2.097363,-1.118639,-2.173154,-0.508596,-0.714124,50,3.196537,2.555349,2.097363
0.0,-93.031327,1.376577,2.084105,0.669048,2.137981,0.377343,0.375881,9.670293,-0.961517,8.343512,-0.807648,7.958321,2.081247,-1.091340,-2.175676,-0.503899,-0.707528,50,3.238313,2.560760,2.081247
0.0,-93.827400,1.376577,2.080612,0.672541,2.117560,0.326735,0.378761,9.650539,-0.961517,8.343512,-0.807648,7.958321,2.066680,-1.070806,-2.182258,-0.501411,-0.704036,50,3.280533,2.569275,2.066680
0.0,-94.266853,1.376577,2.086947,0.666207,2.086485,0.325847,0.376927,9.624616,-0.961517,8.343512,-0.807648,7.958321,2.044445,-1.057316,-2.188803,-0.505923,-0.710370,50,3.321865,2.579918,2.044445
0.0,-95.376937,3.650147,2.568319,4.731974,2.098027,0.393325,0.386262,9.604429,0.129363,7.783565,0.788769,7.638676,2.006538,0.584941,-1.368829,0.290568,1.081827,78,3.364351,2.591360,2.006538
0.0,-96.047968,3.650147,2.517008,4.783286,2.106906,0.470569,0.391429,9.584393,0.129363,7.783565,0.788769,7.638676,1.985874,0.600131,-1.369354,0.304350,1.133139,78,3.407191,2.602624,1.985874
0.0,-96.758952,3.508394,2.331208,4.685581,2.151299,0.578001,0.405597,9.559973,0.198947,7.774538,0.827098,7.622578,1.982716,0.646588,-1.356574,0.328955,1.177186,79,3.453491,2.620009,1.982716
0.0,-97.364072,3.508394,2.281058,4.735731,2.139757,0.892305,0.417502,9.526239,0.198947,7.774538,0.827098,7.622578,1.947227,0.650217,-1.358865,0.342969,1.227337,79,3.494203,2.659302,1.947227
0.0,-97.826999,3.508394,2.261478,4.755311,2.113121,1.060112,0.437392,9.502336,0.198947,7.774538,0.827098,7.622578,1.919730,0.642065,-1.366375,0.348441,1.246916,79,3.532786,2.686531,1.919730
0.0,-98.046725,3.508394,2.205797,4.810992,2.066064,1.231470,0.432775,9.469218,0.198947,7.774538,0.827098,7.622578,1.888272,0.648934,-1.360421,0.364000,1.302597,79,3.570570,2.715624,1.888272
0.0,-98.224772,3.508394,2.191138,4.825651,2.006577,1.508484,0.449566,9.439040,0.198947,7.774538,0.827098,7.622578,1.855281,0.633507,-1.365875,0.368097,1.317256,79,3.607380,2.754118,1.855281
0.0,-98.295234,3.374418,2.124665,4.624170,1.906248,1.829004,0.482118,9.448741,0.265782,7.765174,0.863177,7.605843,1.881882,0.642954,-1.366899,0.363099,1.249753,80,3.643302,2.842549,1.881882
0.0,-98.282789,3.374418,2.086517,4.662319,1.822789,2.047419,0.493462,9.393352,0.265782,7.765174,0.863177,7.605843,1.825343,0.623365,-1.366840,0.374182,1.287901,80,3.714880,2.892041,1.825343
0.0,-98.121553,3.374418,2.061855,4.686980,1.822789,2.047419,0.506424,9.340931,0.265782,7.765174,0.863177,7.605843,1.771384,0.598297,-1.368012,0.381348,1.312563,80,3.714880,2.892041,1.771384
0.0,-98.145963,3.374418,2.028995,4.719840,1.801480,2.312891,0.514066,9.301642,0.265782,7.765174,0.863177,7.605843,1.731361,0.585875,-1.367765,0.390895,1.345422,80,3.750447,2.947477,1.731361
0.0,-97.837832,3.374418,2.003188,4.745647,1.779283,2.513548,0.515557,9.261588,0.265782,7.765174,0.863177,7.605843,1.691843,0.570166,-1.363854,0.398393,1.371230,80,3.784950,3.006549,1.691843
0.0,-97.070586,3.374418,2.002392,4.746443,1.759750,2.685794,0.515123,9.221238,0.265782,7.765174,0.863177,7.605843,1.652465,0.544249,-1.358580,0.398624,1.372026,80,3.819187,3.066064,1.652465
0.0,-96.489281,3.374418,1.983727,4.765108,1.738441,2.893555,0.513825,9.179534,0.265782,7.765174,0.863177,7.605843,1.612001,0.524967,-1.352344,0.404047,1.390691,80,3.852803,3.132941,1.612001
0.0,-95.698266,3.250242,1.827938,4.672545,1.707366,3.146596,0.508171,9.126573,0.330038,7.755348,0.897207,7.588670,1.586346,0.539811,-1.323029,0.429019,1.422303,81,3.885443,3.206826,1.586346
0.0,-94.919319,3.250242,1.811717,4.688767,1.679842,3.331273,0.507075,9.081844,0.330038,7.755348,0.897207,7.588670,1.543299,0.516740,-1.315232,0.433912,1.438525,81,3.917995,3.281065,1.543299
0.0,-94.059475,3.250242,1.784450,4.716033,1.643440,3.478658,0.498525,9.039364,0.330038,7.755348,0.897207,7.588670,1.504480,0.500379,-1.302596,0.442136,1.465791,81,3.948950,3.354594,1.504480
0.0,-93.131533,3.250242,1.760440,4.740044,1.586616,3.690858,0.492977,8.993882,0.330038,7.755348,0.897207,7.588670,1.462198,0.480391,-1.290694,0.449379,1.489802,81,3.977333,3.435486,1.462198
0.0,-91.947530,3.250242,1.742450,4.758034,1.530681,3.836468,0.485235,8.946537,0.330038,7.755348,0.897207,7.588670,1.418987,0.457881,-1.276226,0.454805,1.507792,81,4.004829,3.516466,1.418987
0.0,-90.704446,3.250242,1.795073,4.705411,1.216376,3.241598,0.470073,8.945001,0.330038,7.755348,0.897207,7.588670,1.421998,0.443778,-1.265709,0.438932,1.455169,81,4.005450,3.527996,1.421998
0.0,-89.534156,3.250242,1.855418,4.645065,0.905623,2.564157,0.458070,8.945923,0.330038,7.755348,0.897207,7.588670,1.426526,0.428088,-1.257878,0.420730,1.394824,81,4.007224,3.534648,1.426526
0.0,-88.469927,3.250242,1.863802,4.636682,0.632160,2.009240,0.439383,8.933078,0.330038,7.755348,0.897207,7.588670,1.420224,0.421764,-1.242574,0.418201,1.386440,81,4.011038,3.552742,1.420224
0.0,-88.017746,3.250242,1.788310,4.712174,0.428839,1.409043,0.420503,8.902951,0.330038,7.755348,0.897207,7.588670,1.398063,0.430958,-1.222843,0.440972,1.461932,81,4.019553,3.573852,1.398063
0.0,-87.007004,3.250242,1.839929,4.660554,0.420848,1.504045,0.421133,8.888463,0.330038,7.755348,0.897207,7.588670,1.384235,0.407558,-1.219701,0.425402,1.410313,81,4.048556,3.683481,1.384235
0.0,-85.589454,3.250242,1.694308,4.806175,0.926932,2.833180,0.410195,8.788224,0.330038,7.755348,0.897207,7.588670,1.294646,0.393321,-1.185133,0.469327,1.555934,81,4.100178,3.822912,1.294646
0.0,-84.633610,3.250242,1.414312,5.086171,1.377080,2.833180,0.399104,8.673359,0.330038,7.755348,0.897207,7.588670,1.193590,0.394476,-1.140307,0.553784,1.835930,81,4.146566,3.822912,1.193590
0.0,-83.696288,3.250242,1.102802,5.397682,1.727787,3.908386,0.389685,8.571862,0.330038,7.755348,0.897207,7.588670,1.106456,0.396500,-1.094274,0.647747,2.147440,81,4.184706,3.947886,1.106456
0.0,-82.673609,3.250242,0.851869,5.648615,1.866294,4.736764,0.378989,8.500277,0.330038,7.755348,0.897207,7.588670,1.048608,0.397738,-1.053886,0.723437,2.398373,81,4.205993,4.050330,1.048608
0.0,-81.622922,3.250242,0.756545,5.743938,1.628346,5.258829,0.369864,8.465788,0.330038,7.755348,0.897207,7.588670,1.023438,0.393932,-1.029478,0.752190,2.493697,81,4.209009,4.127053,1.023438
0.0,-80.608897,3.250242,0.641690,5.858794,1.132029,5.240184,0.358328,8.432004,0.330038,7.755348,0.897207,7.588670,1.000802,0.394048,-1.002202,0.786835,2.608552,81,4.211226,4.205283,1.000802
0.0,-79.554209,3.250242,0.546842,5.953641,0.696087,4.660408,0.365569,8.390591,0.330038,7.755348,0.897207,7.588670,0.962142,0.377435,-0.985367,0.815445,2.703400,81,4.214774,4.285820,0.962142
0.0,-78.263165,3.250242,0.676310,5.824174,0.471457,4.161427,0.351293,8.397885,0.330038,7.755348,0.897207,7.588670,0.976141,0.369893,-0.977306,0.776392,2.573932,81,4.253534,4.464987,0.976141
0.0,-76.794077,3.250242,0.236229,6.264255,0.471457,4.185400,0.364695,8.296585,0.330038,7.755348,0.897207,7.588670,0.885840,0.356706,-0.925872,0.909137,3.014013,81,4.253534,4.545878,0.885840
0.0,-75.146709,3.250242,0.092107,6.408376,0.606412,4.185400,0.366043,8.251341,0.330038,7.755348,0.897207,7.588670,0.849276,0.343544,-0.895110,0.952609,3.158134,81,4.270121,4.545878,0.849276
0.0,-74.370349,3.250242,-0.123285,6.623768,0.668563,4.297271,0.373155,8.211251,0.330038,7.755348,0.897207,7.588670,0.813780,0.336940,-0.871117,1.017579,3.373526,81,4.278281,4.634841,0.813780
0.0,-72.717881,3.250242,-0.174775,6.675259,0.679217,4.341664,0.383021,8.177913,0.330038,7.755348,0.897207,7.588670,0.782045,0.315923,-0.853314,1.033111,3.425017,81,4.282272,4.719901,0.782045
0.0,-69.641202,3.250242,0.303321,6.197162,0.348931,4.114370,0.382369,8.184271,0.330038,7.755348,0.897207,7.588670,0.787273,0.275469,-0.858001,0.888899,2.946921,81,4.287594,4.872903,0.787273
0.0,-67.376590,3.250242,0.089976,6.410508,0.348931,4.114370,0.416343,8.114043,0.330038,7.755348,0.897207,7.588670,0.712213,0.241767,-0.829602,0.953252,3.160266,81,4.287594,4.872903,0.712213
0.0,-65.047488,3.250242,0.431617,6.068866,0.187340,3.345479,0.417219,8.112054,0.330038,7.755348,0.897207,7.588670,0.710154,0.214386,-0.828622,0.850201,2.818625,81,4.288303,4.876539,0.710154
0.0,-63.158852,3.124202,0.687181,5.561224,0.104768,2.625419,0.430224,8.104722,0.391643,7.744921,0.929352,7.570786,0.730901,0.204271,-0.819079,0.764751,2.437021,82,4.288392,4.894279,0.730901
0.0,-61.570095,3.124202,0.945040,5.303365,0.063038,1.952417,0.448274,8.095479,0.391643,7.744921,0.929352,7.570786,0.711856,0.173263,-0.828736,0.683833,2.179162,82,4.288481,4.912107,0.711856
0.0,-60.343038,3.124202,1.140889,5.107516,0.048833,1.157777,0.470599,8.080634,0.391643,7.744921,0.929352,7.570786,0.685857,0.146382,-0.838100,0.622375,1.983314,82,4.289279,4.935966,0.685857
0.0,-59.068624,2.995572,0.926392,5.064751,0.203321,1.565307,0.500419,8.029591,0.450536,7.733939,0.959727,7.552197,0.662472,0.148602,-0.804703,0.677202,2.069180,83,4.308881,5.034597,0.662472
0.0,-57.882101,2.874460,0.540913,5.208008,0.482111,2.929957,0.544429,7.957842,0.506832,7.722310,0.988568,7.533038,0.614588,0.150313,-0.763151,0.795903,2.333547,84,4.337796,5.174028,0.614588
0.0,-56.651632,2.750655,0.327524,5.173787,0.738704,3.988293,0.584667,7.895244,0.560434,7.709951,1.041927,7.492237,0.609509,0.160425,-0.722417,0.863656,2.423131,85,4.362897,5.297759,0.609509
0.0,-55.421163,2.624973,0.243497,5.006449,0.893193,5.106116,0.624853,7.835585,0.611304,7.697002,1.090418,7.447836,0.605887,0.163258,-0.694457,0.889449,2.381476,86,4.377976,5.426547,0.605887
0.0,-54.805929,2.624973,0.322565,4.927380,0.901184,5.949589,0.655266,7.791967,0.611304,7.697002,1.134640,7.398933,0.619900,0.165223,-0.686751,0.859918,2.302407,86,4.378863,5.532007,0.619900
0.0,-53.531515,2.503731,0.421437,4.586025,0.701414,5.836830,0.679202,7.758818,0.659481,7.683372,1.155287,7.372508,0.613100,0.153245,-0.681671,0.815369,2.082294,87,4.377798,5.614850,0.613100
0.0,-51.729757,2.503731,0.695612,4.311849,0.419073,5.095462,0.699362,7.732420,0.659481,7.683372,1.175110,7.344671,0.613747,0.133348,-0.683838,0.708009,1.808118,87,4.378330,5.680751,0.613747
0.0,-50.587179,2.388344,0.840992,3.935696,0.200658,4.606248,0.724032,7.701781,0.705068,7.669129,1.193895,7.315207,0.608449,0.117574,-0.688454,0.635173,1.547352,88,4.382765,5.754990,0.608449
0.0,-49.356710,2.279984,1.236381,3.323586,0.194443,4.036238,0.752298,7.668129,0.748147,7.654198,1.228947,7.251050,0.633363,0.090007,-0.718844,0.448749,1.043602,89,4.397932,5.827722,0.633363
0.0,-47.994405,2.174635,1.443606,2.905664,0.403091,3.650904,0.782050,7.634292,0.788769,7.638676,1.245061,7.216034,0.623954,0.064154,-0.734660,0.329570,0.731029,90,4.420195,5.895575,0.623954
0.0,-46.544210,2.078822,1.804063,2.353581,0.690760,3.470668,0.814068,7.599632,0.827098,7.622578,1.268077,7.158236,0.633210,0.025978,-0.771313,0.129579,0.274759,91,4.448401,5.961742,0.633210
0.0,-45.094015,1.988691,2.053348,1.924034,1.082308,3.442256,0.849641,7.563026,0.863177,7.605843,1.280294,7.122388,0.616136,-0.006050,-0.796859,-0.031875,-0.064657,92,4.488137,6.024096,0.616136
0.0,-43.643819,1.905744,2.330709,1.480779,1.410819,3.250477,0.882167,7.531209,0.897207,7.588670,1.291471,7.085527,0.605114,-0.040025,-0.827921,-0.218619,-0.424965,93,4.524857,6.078378,0.605114
0.0,-42.281515,1.838874,2.608005,1.069742,1.644328,2.856264,0.907838,7.507302,0.929352,7.570786,1.301664,7.047646,0.605296,-0.075120,-0.862377,-0.410061,-0.769132,94,4.562731,6.110664,0.605296
0.0,-41.051046,1.780174,2.827717,0.732631,1.663861,2.361723,0.923541,7.493328,0.959727,7.552197,1.310922,7.008764,0.620376,-0.111017,-0.896396,-0.576912,-1.047543,95,4.586324,6.129113,0.620376
0.0,-40.128194,1.730415,3.011591,0.449240,1.657645,1.893818,0.941794,7.477689,0.988568,7.533038,1.319337,6.968932,0.633540,-0.145672,-0.932378,-0.725869,-1.281175,96,4.613643,6.149868,0.633540
0.0,-39.600851,1.692747,3.124928,0.260566,1.559980,1.583953,0.965316,7.458047,1.015906,7.513038,1.319337,6.968932,0.603792,-0.151199,-0.944276,-0.829480,-1.432181,97,4.643622,6.181178,0.603792
0.0,-39.512960,1.664594,3.275433,0.053755,1.547550,1.255442,0.987506,7.439717,1.041927,7.492237,1.326791,6.928307,0.613722,-0.178672,-0.985038,-0.948732,-1.610839,98,4.679367,6.202997,0.613722
0.0,-39.864523,1.646539,3.393229,-0.100150,1.556429,1.120487,1.010201,7.420883,1.066744,7.470551,1.333487,6.887009,0.624128,-0.202563,-1.026307,-1.040024,-1.746690,99,4.718571,6.222776,0.624128
0.0,-40.435812,1.639107,3.535868,-0.257653,1.896481,1.061000,1.037590,7.397778,1.090418,7.447836,1.339366,6.845128,0.629675,-0.224909,-1.070989,-1.134501,-1.896760,100,4.777909,6.235105,0.629675
0.0,-41.226827,1.641499,3.694306,-0.411308,2.371490,0.917165,1.067622,7.371827,1.112982,7.423957,1.344502,6.802906,0.632719,-0.245414,-1.117865,-1.226048,-2.052807,101,4.852236,6.240161,0.632719
0.0,-42.325460,1.653505,3.813738,-0.506728,2.623644,0.657021,1.089979,7.351854,1.134640,7.398933,1.344502,6.802906,0.605083,-0.234474,-1.136645,-1.280840,-2.160233,102,4.906430,6.245926,0.605083
0.0,-43.643819,1.675691,3.899480,-0.548098,2.802992,0.476784,1.111001,7.332261,1.155287,7.372508,1.348976,6.760471,0.619335,-0.249529,-1.176409,-1.301066,-2.223789,103,4.960091,6.249740,0.619335
0.0,-45.137960,1.707641,3.978882,-0.563599,2.994771,0.261920,1.131315,7.312375,1.175110,7.344671,1.352769,6.718054,0.634240,-0.262267,-1.214116,-1.303966,-2.271241,104,5.018631,6.248055,0.634240
0.0,-46.763937,1.707641,3.836066,-0.420784,2.937948,0.014206,1.131315,7.312375,1.175110,7.344671,1.352769,6.718054,0.634240,-0.245775,-1.214116,-1.221973,-2.128425,104,5.145556,6.241136,0.634240
0.0,-48.521749,1.797580,4.220366,-0.625205,3.080894,-0.080796,1.171740,7.268037,1.211827,7.284036,1.356046,6.675792,0.620260,-0.254181,-1.269097,-1.321376,-2.422785,106,5.215005,6.237411,0.620260
0.0,-50.367452,1.857848,4.339352,-0.623655,3.241598,-0.158928,1.193106,7.243070,1.228947,7.251050,1.358797,6.633810,0.631388,-0.261016,-1.305263,-1.309497,-2.481503,107,5.284721,6.233597,0.631388
0.0,-52.344991,1.808243,4.273071,-0.656584,3.241598,-0.158928,1.213682,7.217335,1.240640,7.226199,1.358797,6.633810,0.601299,-0.241591,-1.327054,-1.336378,-2.464827,109,5.284721,6.233597,0.601299
0.0,-53.355733,1.856550,4.434960,-0.721860,3.405853,-0.231733,1.233607,7.191037,1.254828,7.192926,1.361061,6.592410,0.612045,-0.255024,-1.361019,-1.361586,-2.578410,110,5.359758,6.224550,0.612045
0.0,-55.509054,1.893620,4.445460,-0.658219,3.561230,-0.298323,1.252643,7.164415,1.268077,7.158236,1.362965,6.551701,0.622567,-0.256037,-1.392651,-1.321175,-2.551839,111,5.436392,6.213374,0.622567
0.0,-58.804952,1.893620,4.116066,-0.328825,3.616277,-0.499868,1.252643,7.164415,1.268077,7.158236,1.362965,6.551701,0.622567,-0.222987,-1.392651,-1.150636,-2.222446,111,5.576622,6.187120,0.622567
0.0,-61.046163,1.926019,4.247587,-0.395549,3.616277,-0.567346,1.281199,7.115103,1.280294,7.122388,1.364509,6.511785,0.609043,-0.219173,-1.433579,-1.181737,-2.321568,112,5.576622,6.177009,0.609043
0.0,-63.331319,1.961581,4.189401,-0.266239,3.642026,-0.567346,1.295579,7.087843,1.291471,7.085527,1.365762,6.472831,0.619003,-0.213319,-1.457171,-1.113457,-2.227820,113,5.648377,6.177009,0.619003
0.0,-65.704366,1.998709,4.150909,-0.153491,3.635811,-0.496317,1.311280,7.054897,1.301664,7.047646,1.366771,6.434929,0.622447,-0.204507,-1.481528,-1.055681,-2.152200,114,5.722971,6.175412,0.622447
0.0,-68.121358,2.035811,4.111353,-0.039732,3.647353,-0.385334,1.326687,7.018754,1.310922,7.008764,1.367579,6.398160,0.621940,-0.193313,-1.505000,-0.999526,-2.075542,115,5.801467,6.175501,0.621940
0.0,-70.582296,2.065367,4.033528,0.097206,3.750345,-0.263696,1.340370,6.982445,1.319337,6.968932,1.368202,6.362661,0.620409,-0.179800,-1.525920,-0.934250,-1.968161,116,5.879520,6.175058,0.620409
0.0,-73.087179,2.065367,3.747577,0.383157,3.832029,-0.049720,1.340370,6.982445,1.319337,6.968932,1.368202,6.362661,0.620409,-0.153677,-1.525920,-0.798514,-1.682210,116,5.959702,6.172131,0.620409
0.0,-75.548116,2.092033,3.623559,0.560507,3.998948,-0.024860,1.350810,6.945258,1.326791,6.928307,1.368686,6.328549,0.616968,-0.136600,-1.541819,-0.717721,-1.531526,117,6.122194,6.173284,0.616968
0.0,-77.555191,2.114712,3.534235,0.695190,3.965209,0.017757,1.362255,6.885782,1.333487,6.887009,1.369331,6.264759,0.621063,-0.126920,-1.559403,-0.658098,-1.419522,118,6.197232,6.177718,0.621063
0.0,-79.564702,2.126810,3.305343,0.948277,3.962545,0.099441,1.362838,6.863309,1.339366,6.845128,1.369541,6.235222,0.628123,-0.107170,-1.560124,-0.543266,-1.178533,119,6.275285,6.185258,0.628123
0.0,-80.351003,2.126810,3.208079,1.045541,3.962545,0.099441,1.358844,6.837309,1.339366,6.845128,1.369541,6.235222,0.602182,-0.090371,-1.553032,-0.498431,-1.081269,119,6.275285,6.185258,0.602182
0.0,-82.219720,2.133595,2.876959,1.390232,3.899507,0.145610,1.350815,6.820940,1.344502,6.802906,1.369690,6.207315,0.613915,-0.064369,-1.540048,-0.341577,-0.743363,120,6.348637,6.188007,0.613915
0.0,-84.885347,2.133595,2.398587,1.868604,3.730812,0.226406,1.337818,6.804370,1.344502,6.802906,1.369796,6.181111,0.624078,-0.023712,-1.519533,-0.121764,-0.264991,120,6.413474,6.195192,0.624078
0.0,-86.599214,2.129392,2.210027,2.048758,3.530154,0.332062,1.340485,6.768548,1.348976,6.760471,1.369867,6.156673,0.612580,-0.006966,-1.522813,-0.037125,-0.080634,121,6.473876,6.206634,0.612580
0.0,-87.841501,2.129392,1.871991,2.386793,3.254028,0.501644,1.323922,6.751412,1.348976,6.760471,1.369919,6.134027,0.619096,0.022711,-1.496431,0.118510,0.257401,121,6.520886,6.228453,0.619096
0.0,-88.803713,2.119459,1.487592,2.751326,2.874022,0.702302,1.304422,6.732594,1.352769,6.718054,1.369919,6.134027,0.602140,0.052986,-1.461806,0.292281,0.631867,122,6.560976,6.256392,0.602140
0.0,-89.473074,2.119459,1.245520,2.993397,2.676915,1.021934,1.288998,6.699616,1.352769,6.718054,1.369972,6.094232,0.610776,0.075403,-1.437829,0.404255,0.873939,122,6.615880,6.291427,0.610776
0.0,-89.842243,2.103646,0.998427,3.208866,2.525090,1.385071,1.273147,6.662178,1.356046,6.675792,1.369992,6.061977,0.607963,0.095192,-1.410821,0.515081,1.105220,123,6.664751,6.334978,0.607963
0.0,-89.854582,2.073137,0.802166,3.344107,2.241861,1.760638,1.260307,6.627341,1.358797,6.633810,1.369998,6.037438,0.600015,0.108194,-1.386948,0.601046,1.270970,124,6.696771,6.384027,0.600015
0.0,-89.577342,2.037669,1.215409,2.859930,2.011016,2.178823,1.249343,6.586559,1.361061,6.592410,1.370007,5.833341,0.762822,0.115104,-1.411948,0.395618,0.822261,125,6.720719,6.447888,0.762822
0.0,-88.989863,1.997341,1.125468,2.869214,1.773068,2.501118,1.240929,6.550584,1.362965,6.551701,1.370007,5.824855,0.737118,0.116264,-1.394777,0.427958,0.871873,126,6.736507,6.507226,0.737118
0.0,-88.159492,1.997341,1.147948,2.846734,1.216376,2.864255,1.233743,6.549878,1.362965,6.551701,1.370007,5.826480,0.736120,0.112960,-1.384612,0.416923,0.849393,126,6.786266,6.621911,0.736120
0.0,-87.148750,1.895816,1.095644,2.695988,1.216376,2.864255,1.237109,6.467727,1.365762,6.472831,1.370008,5.788979,0.691637,0.098972,-1.377441,0.413797,0.800172,128,6.786266,6.621911,0.691637
0.0,-86.797005,1.775252,0.923628,2.626876,1.268760,3.001874,1.233311,6.413088,1.367579,6.398160,1.370009,5.773059,0.654465,0.100723,-1.360377,0.470314,0.851624,130,6.824051,6.684531,0.654465
0.0,-86.797005,1.775252,0.923628,2.626876,1.393062,3.003650,1.233311,6.413088,1.367579,6.398160,1.370009,5.773059,0.654465,0.100723,-1.360377,0.470314,0.851624,130,6.860682,6.807642,0.654465
0.0,-84.999220,1.633409,0.897630,2.369188,1.602598,3.008090,1.231447,6.326004,1.368686,6.328549,1.370011,5.720335,0.621317,0.085241,-1.345888,0.441624,0.735779,132,6.907958,6.864585,0.621317
0.0,-83.743023,1.476887,0.823451,2.130322,1.412595,2.975238,1.228664,6.274004,1.369331,6.264759,1.370012,5.694005,0.596975,0.077293,-1.331753,0.433766,0.653436,134,6.926761,6.918512,0.596975
0.0,-83.388494,1.395379,0.750468,2.040289,1.412595,2.975238,1.226308,6.236399,1.369541,6.235222,1.370013,5.669525,0.584805,0.077482,-1.322521,0.453114,0.644911,135,6.926761,6.918512,0.584805
0.0,-81.993558,1.310202,0.771412,1.848992,1.251891,2.787011,1.225036,6.199712,1.369690,6.207315,1.370014,5.644897,0.573444,0.066288,-1.315203,0.403163,0.538790,136,6.948137,6.961885,0.573444
0.0,-81.161497,1.221917,0.749077,1.694757,1.066327,2.530418,1.224255,6.170468,1.369796,6.181111,1.370015,5.625698,0.563934,0.060325,-1.309358,0.379378,0.472840,137,6.966497,6.999492,0.563934
0.0,-80.521135,1.041450,0.657621,1.425279,0.973101,2.412332,1.225216,6.132785,1.369919,6.134027,1.370015,5.599972,0.552138,0.055076,-1.305442,0.361326,0.383829,139,6.987785,7.048098,0.552138
0.0,-79.974080,0.854244,0.555774,1.152715,1.031700,2.282703,1.227834,6.094984,1.369972,6.094232,1.370016,5.575815,0.538286,0.049627,-1.303486,0.342546,0.298470,141,7.011555,7.092092,0.538286
0.0,-79.446736,0.662031,0.458932,0.865129,1.077869,2.096251,1.232976,6.066665,1.369992,6.061977,1.370017,5.558513,0.526306,0.041656,-1.307377,0.300766,0.203098,143,7.034262,7.126949,0.526306
0.0,-79.211121,0.560540,0.383278,0.737803,0.985531,1.853864,1.234282,6.044954,1.369996,6.048737,1.370017,5.550431,0.512812,0.040766,-1.302916,0.310034,0.177262,144,7.046324,7.146285,0.512812
0.0,-79.267496,0.488281,0.313369,0.663193,0.947353,1.686057,1.235610,6.022613,1.370000,6.020738,1.370018,5.545325,0.495853,0.043174,-1.296298,0.351196,0.174912,147,7.060782,7.166863,0.495853
